page,new_title,new_meta_description,new_h1,notes
https://expat-savvy.ch/blog/accident-insurance-switzerland-uvg-laa/,Accident Insurance Switzerland | Expert Guide 2025,Learn about Swiss accident insurance (UVG/LAA). Independent FINMA-certified advice for expats — understand coverage and avoid double payments.,Accident Insurance in Switzerland — Expert Guide,"title too long, description too long, h1 too long"
https://expat-savvy.ch/blog/decoding-swiss-health-insurance-canton-region-premium/,Canton Premiums Switzerland | Expert Guide 2025,Understand Swiss health insurance premium regions. Independent FINMA-certified advice for expats — save money with location strategy.,Canton Premiums in Switzerland — Expert Guide,"title too long, description too long, h1 too long"
https://expat-savvy.ch/healthcare/all-insurances/css/,CSS Health Insurance Switzerland | Expert Guide 2025,Compare CSS health insurance for expats. Independent FINMA-certified advice — find the best coverage and group discounts.,CSS Health Insurance — Expert Guide,"title too long, description too long"
https://expat-savvy.ch/healthcare/all-insurances/helsana/,Helsana Health Insurance Switzerland | Expert Guide 2025,Compare Helsana health insurance for expats. Independent FINMA-certified advice — find the best coverage and group discounts.,Helsana Health Insurance — Expert Guide,"title too long, description too long"
https://expat-savvy.ch/healthcare/all-insurances/assura/,Assura Health Insurance Switzerland | Expert Guide 2025,Compare Assura health insurance for expats. Independent FINMA-certified advice — find the best coverage and group discounts.,Assura Health Insurance — Expert Guide,"title too long, description too long"
https://expat-savvy.ch/healthcare/all-insurances/sanitas/,Sanitas Health Insurance Switzerland | Expert Guide 2025,Compare Sanitas health insurance for expats. Independent FINMA-certified advice — find the best coverage and group discounts.,Sanitas Health Insurance — Expert Guide,"title too long, description too long"
https://expat-savvy.ch/healthcare/all-insurances/swica/,SWICA Health Insurance Switzerland | Expert Guide 2025,Compare SWICA health insurance for expats. Independent FINMA-certified advice — find the best coverage and group discounts.,SWICA Health Insurance — Expert Guide,"title too long, description too long"
https://expat-savvy.ch/blog/expat-family-matters-best-swiss-health-insurers-children-maternity/,Swiss Family Health Insurance | Expert Guide 2025,Find the best Swiss health insurance for families. Independent FINMA-certified advice for expats — optimize coverage and save money.,Swiss Family Health Insurance — Expert Guide,"title too long, description too long, duplicate pattern"
https://expat-savvy.ch/healthcare/switching-health-insurance/,Switch Health Insurance Switzerland | Expert Guide 2025,Switch your Swiss health insurance with expert help. Independent FINMA-certified advice for expats — save money and improve coverage.,Switch Health Insurance Switzerland — Expert Guide,"title too long, description too long"
https://expat-savvy.ch/blog/health-insurance-models-switzerland/,Swiss Health Insurance Models | Expert Guide 2025,"Compare Swiss health insurance models (HMO, GP, Telmed). Independent FINMA-certified advice for expats — find the best fit.",Swiss Health Insurance Models — Expert Guide,"title too long, description too long, h1 too long"
https://expat-savvy.ch/blog/dental-insurance-expats-switzerland/,Dental Insurance Switzerland | Expert Guide 2025,Find the best dental insurance in Switzerland for expats. Independent FINMA-certified advice — compare costs and coverage options.,Dental Insurance in Switzerland — Expert Guide,title too long
https://expat-savvy.ch/blog/zurich-vs-zug-choosing-ideal-swiss-relocation-destination/,Zurich vs Zug | Expert Comparison 2025,Compare Zurich vs Zug for expats relocating to Switzerland. Independent FINMA-certified advice — find your perfect Swiss city.,Zurich vs Zug — Expert Comparison,"title too long, description too long, h1 too long"
https://expat-savvy.ch/blog/mental-health-services-switzerland/,Mental Health Services Switzerland | Expert Guide 2025,Find mental health services in Switzerland for expats. Independent FINMA-certified advice — access therapy and support in English.,Mental Health Services in Switzerland — Expert Guide,"title too long, description too long, h1 too long"
https://expat-savvy.ch/blog/maternity-newborn-insurance-switzerland/,Maternity Insurance Switzerland | Expert Guide 2025,Find the best maternity insurance in Switzerland for expats. Independent FINMA-certified advice — secure coverage for your family.,Maternity Insurance in Switzerland — Expert Guide,"title too long, description too long, h1 too long"
https://expat-savvy.ch/guides/how-to/pre-existing-conditions-health-insurance/,Pre-existing Conditions Insurance | Expert Guide 2025,Get Swiss health insurance with pre-existing conditions. Independent FINMA-certified advice for expats — maximize acceptance chances.,Pre-existing Conditions Insurance — Expert Guide,"title too long, description too long, duplicate pattern"
https://expat-savvy.ch/compare-providers/swica-vs-helsana/,Swica vs Helsana | Expert Comparison 2025,Compare Swica vs Helsana health insurance for expats. Independent FINMA-certified advice — find which fits your needs.,Swica vs Helsana — Expert Comparison,"title too long, h1 too long"
https://expat-savvy.ch/compare-providers/css-vs-sanitas/,CSS vs Sanitas | Expert Comparison 2025,Compare CSS vs Sanitas health insurance for expats. Independent FINMA-certified advice — find which fits your needs.,CSS vs Sanitas — Expert Comparison,"title too long, h1 too long"
https://expat-savvy.ch/compare-providers/sanitas-vs-helsana/,Sanitas vs Helsana | Expert Comparison 2025,Compare Sanitas vs Helsana health insurance for expats. Independent FINMA-certified advice — find which fits your needs.,Sanitas vs Helsana — Expert Comparison,"title too long, h1 too long"
https://expat-savvy.ch/compare-providers/swica-vs-css/,Swica vs CSS | Expert Comparison 2025,Compare Swica vs CSS health insurance for expats. Independent FINMA-certified advice — find which fits your needs.,Swica vs CSS — Expert Comparison,title too long
https://expat-savvy.ch/compare-providers/helsana-vs-css/,Helsana vs CSS | Expert Comparison 2025,Compare Helsana vs CSS health insurance for expats. Independent FINMA-certified advice — find which fits your needs.,Helsana vs CSS — Expert Comparison,title too long
https://expat-savvy.ch/compare-providers/sanitas-vs-swica/,Sanitas vs Swica | Expert Comparison 2025,Compare Sanitas vs Swica health insurance for expats. Independent FINMA-certified advice — find which fits your needs.,Sanitas vs Swica — Expert Comparison,title too long
https://expat-savvy.ch/health-insurance/zurich/,Health Insurance Zurich | Expert Guide 2025,Find the best health insurance in Zurich for expats. Independent FINMA-certified advice — compare premiums and models.,Health Insurance in Zurich — Expert Guide,title too long
https://expat-savvy.ch/health-insurance/basel/,Health Insurance Basel | Expert Guide 2025,Find the best health insurance in Basel for expats. Independent FINMA-certified advice — compare premiums and models.,Health Insurance in Basel — Expert Guide,title too long
https://expat-savvy.ch/health-insurance/geneva/,Health Insurance Geneva | Expert Guide 2025,Find the best health insurance in Geneva for expats. Independent FINMA-certified advice — compare premiums and models.,Health Insurance in Geneva — Expert Guide,title too long
https://expat-savvy.ch/health-insurance/bern/,Health Insurance Bern | Expert Guide 2025,Find the best health insurance in Bern for expats. Independent FINMA-certified advice — compare premiums and models.,Health Insurance in Bern — Expert Guide,title too long
https://expat-savvy.ch/health-insurance/zug/,Health Insurance Zug | Expert Guide 2025,Find the best health insurance in Zug for expats. Independent FINMA-certified advice — compare premiums and models.,Health Insurance in Zug — Expert Guide,title too long
https://expat-savvy.ch/health-insurance/lausanne/,Health Insurance Lausanne | Expert Guide 2025,Find the best health insurance in Lausanne for expats. Independent FINMA-certified advice — compare premiums and models.,Health Insurance in Lausanne — Expert Guide,title too long
https://expat-savvy.ch/health-insurance/lugano/,Health Insurance Lugano | Expert Guide 2025,Find the best health insurance in Lugano for expats. Independent FINMA-certified advice — compare premiums and models.,Health Insurance in Lugano — Expert Guide,title too long
https://expat-savvy.ch/healthcare/best-health-insurance-switzerland/,Best Health Insurance Switzerland | Expert Guide 2025,Find the best Swiss health insurance for expats. Independent FINMA-certified advice — compare top providers and save money.,Best Health Insurance in Switzerland — Expert Guide,title too long
https://expat-savvy.ch/healthcare/new-health-insurance/,New Health Insurance Switzerland | Expert Guide 2025,Set up Swiss health insurance with expert help. Independent FINMA-certified advice for expats — avoid fines and save money.,New Health Insurance in Switzerland — Expert Guide,title too long
https://expat-savvy.ch/,Health Insurance Switzerland | Expert Guidance 2025,Find the best Swiss health insurance for expats. Independent FINMA-certified experts help you compare and choose — get expert help.,Your Trusted Health Insurance Partner in Switzerland,title too long
https://expat-savvy.ch/healthcare/all-insurances/atupri/,Atupri Health Insurance Switzerland | Expert Guide 2025,Compare Atupri health insurance for expats. Independent FINMA-certified advice — find the best coverage and group discounts.,Atupri Health Insurance — Expert Guide,✓ optimized
https://expat-savvy.ch/healthcare/all-insurances/concordia/,Concordia Health Insurance Switzerland | Expert Guide 2025,Compare Concordia health insurance for expats. Independent FINMA-certified advice — find the best coverage and group discounts.,Concordia Health Insurance — Expert Guide,✓ optimized
https://expat-savvy.ch/healthcare/all-insurances/groupe-mutuel/,Groupe Mutuel Health Insurance Switzerland | Expert Guide 2025,Compare Groupe Mutuel health insurance for expats. Independent FINMA-certified advice — find the best coverage and group discounts.,Groupe Mutuel Health Insurance — Expert Guide,title too long
https://expat-savvy.ch/healthcare/all-insurances/kpt/,KPT Health Insurance Switzerland | Expert Guide 2025,Compare KPT health insurance for expats. Independent FINMA-certified advice — find the best coverage and group discounts.,KPT Health Insurance — Expert Guide,✓ optimized
https://expat-savvy.ch/healthcare/all-insurances/visana/,Visana Health Insurance Switzerland | Expert Guide 2025,Compare Visana health insurance for expats. Independent FINMA-certified advice — find the best coverage and group discounts.,Visana Health Insurance — Expert Guide,✓ optimized
https://expat-savvy.ch/healthcare/all-insurances/sympany/,Sympany Health Insurance Switzerland | Expert Guide 2025,Compare Sympany health insurance for expats. Independent FINMA-certified advice — find the best coverage and group discounts.,Sympany Health Insurance — Expert Guide,✓ optimized
https://expat-savvy.ch/guides/how-to/change-health-insurance/,Change Health Insurance Switzerland | Expert Guide 2025,Learn how to change Swiss health insurance. Independent FINMA-certified advice for expats — step-by-step guidance.,Change Health Insurance in Switzerland — Expert Guide,✓ optimized
https://expat-savvy.ch/guides/how-to/add-family-health-insurance/,Add Family Health Insurance Switzerland | Expert Guide 2025,Learn how to add family to Swiss health insurance. Independent FINMA-certified advice for expats — step-by-step guidance.,Add Family Health Insurance in Switzerland — Expert Guide,✓ optimized
https://expat-savvy.ch/guides/how-to/switch-health-insurance-providers/,Switch Health Insurance Providers Switzerland | Expert Guide 2025,Learn how to switch Swiss health insurance providers. Independent FINMA-certified advice for expats — step-by-step guidance.,Switch Health Insurance Providers in Switzerland — Expert Guide,title too long
https://expat-savvy.ch/guides/how-to/find-best-health-insurance/,Find Best Health Insurance Switzerland | Expert Guide 2025,Learn how to find the best Swiss health insurance. Independent FINMA-certified advice for expats — step-by-step guidance.,Find Best Health Insurance in Switzerland — Expert Guide,✓ optimized
https://expat-savvy.ch/guides/how-to/insurance-when-moving-cantons/,Insurance When Moving Cantons Switzerland | Expert Guide 2025,Learn about insurance when moving cantons in Switzerland. Independent FINMA-certified advice for expats — step-by-step guidance.,Insurance When Moving Cantons in Switzerland — Expert Guide,title too long
https://expat-savvy.ch/guides/how-to/relocate-to-switzerland-step-by-step-checklist/,Relocate to Switzerland Checklist | Expert Guide 2025,Learn how to relocate to Switzerland step-by-step. Independent FINMA-certified advice for expats — complete checklist.,Relocate to Switzerland Checklist — Expert Guide,title too long
https://expat-savvy.ch/guides/how-to/finding-ideal-relocation-agency-switzerland/,Find Relocation Agency Switzerland | Expert Guide 2025,Learn how to find the ideal relocation agency in Switzerland. Independent FINMA-certified advice for expats — step-by-step guidance.,Find Relocation Agency in Switzerland — Expert Guide,title too long
https://expat-savvy.ch/guides/how-to/save-taxes-with-3a-pillar/,Save Taxes with 3a Pillar Switzerland | Expert Guide 2025,Learn how to save taxes with 3a pillar in Switzerland. Independent FINMA-certified advice for expats — step-by-step guidance.,Save Taxes with 3a Pillar in Switzerland — Expert Guide,title too long
https://expat-savvy.ch/guides/how-to/find-best-third-pillar/,Find Best 3rd Pillar Switzerland | Expert Guide 2025,Learn how to find the best 3rd pillar in Switzerland. Independent FINMA-certified advice for expats — step-by-step guidance.,Find Best 3rd Pillar in Switzerland — Expert Guide,title too long
https://expat-savvy.ch/guides/how-to/choose-health-insurance-deductible/,Choose Health Insurance Deductible Switzerland | Expert Guide 2025,Learn how to choose health insurance deductible in Switzerland. Independent FINMA-certified advice for expats — step-by-step guidance.,Choose Health Insurance Deductible in Switzerland — Expert Guide,title too long
https://expat-savvy.ch/guides/how-to/gym-coverage-health-insurance/,Gym Coverage Health Insurance Switzerland | Expert Guide 2025,Learn how to get gym coverage with health insurance in Switzerland. Independent FINMA-certified advice for expats — step-by-step guidance.,Gym Coverage Health Insurance in Switzerland — Expert Guide,title too long
https://expat-savvy.ch/guides/how-to/find-insurance-broker/,Find Insurance Broker Switzerland | Expert Guide 2025,Learn how to find the right insurance broker in Switzerland. Independent FINMA-certified advice for expats — step-by-step guidance.,Find Insurance Broker in Switzerland — Expert Guide,title too long
https://expat-savvy.ch/guides/how-to/change-insurance-models/,Change Insurance Models Switzerland | Expert Guide 2025,Learn how to change insurance models in Switzerland. Independent FINMA-certified advice for expats — step-by-step guidance.,Change Insurance Models in Switzerland — Expert Guide,title too long
https://expat-savvy.ch/guides/how-to/apply-premium-subsidies/,Apply Premium Subsidies Switzerland | Expert Guide 2025,Learn how to apply for premium subsidies in Switzerland. Independent FINMA-certified advice for expats — step-by-step guidance.,Apply Premium Subsidies in Switzerland — Expert Guide,title too long
https://expat-savvy.ch/guides/how-to/alternative-therapies-coverage/,Alternative Therapies Coverage Switzerland | Expert Guide 2025,Learn about alternative therapies coverage in Switzerland. Independent FINMA-certified advice for expats — step-by-step guidance.,Alternative Therapies Coverage in Switzerland — Expert Guide,title too long
https://expat-savvy.ch/guides/how-to/legal-requirements-health-insurance-deadlines/,Legal Requirements Health Insurance Switzerland | Expert Guide 2025,Learn about legal requirements and deadlines for health insurance in Switzerland. Independent FINMA-certified advice for expats — step-by-step guidance.,Legal Requirements Health Insurance in Switzerland — Expert Guide,title too long
https://expat-savvy.ch/guides/how-to/set-up-health-insurance/,Set Up Health Insurance Switzerland | Expert Guide 2025,Learn how to set up health insurance in Switzerland. Independent FINMA-certified advice for expats — step-by-step guidance.,Set Up Health Insurance in Switzerland — Expert Guide,title too long
https://expat-savvy.ch/insurance-guides/student-insurance/,Student Health Insurance Switzerland | Expert Guide 2025,Find the best health insurance for students in Switzerland. Independent FINMA-certified advice — compare Swisscare vs mandatory insurance.,Student Health Insurance in Switzerland — Expert Guide,title too long
https://expat-savvy.ch/insurance-guides/family-insurance-planning/,Family Insurance Planning Switzerland | Expert Guide 2025,Learn about family insurance planning in Switzerland. Independent FINMA-certified advice for expats — pregnancy and newborn coverage.,Family Insurance Planning in Switzerland — Expert Guide,title too long
https://expat-savvy.ch/insurance-guides/cross-border-insurance/,Cross-Border Insurance Switzerland | Expert Guide 2025,Learn about cross-border insurance in Switzerland. Independent FINMA-certified advice for expats — find the best coverage.,Cross-Border Insurance in Switzerland — Expert Guide,✓ optimized
https://expat-savvy.ch/insurance-guides/self-employed-insurance/,Self-Employed Insurance Switzerland | Expert Guide 2025,Find the best insurance for self-employed in Switzerland. Independent FINMA-certified advice for expats — compare options and save money.,Self-Employed Insurance in Switzerland — Expert Guide,title too long
https://expat-savvy.ch/insurance-guides/new-arrivals-checklist/,New Arrivals Insurance Checklist Switzerland | Expert Guide 2025,Complete insurance checklist for new arrivals in Switzerland. Independent FINMA-certified advice for expats — get covered quickly.,New Arrivals Insurance Checklist in Switzerland — Expert Guide,title too long
https://expat-savvy.ch/insurance/personal-liability-insurance/,Personal Liability Insurance Switzerland | Expert Guide 2025,Find the best personal liability insurance in Switzerland. Independent FINMA-certified advice for expats — compare providers and coverage.,Personal Liability Insurance in Switzerland — Expert Guide,title too long
https://expat-savvy.ch/insurance/household-insurance/,Household Insurance Switzerland | Expert Guide 2025,Find the best household insurance in Switzerland. Independent FINMA-certified advice for expats — protect your belongings and liability.,Household Insurance in Switzerland — Expert Guide,title too long
https://expat-savvy.ch/insurance/legal-protection-insurance/,Legal Protection Insurance Switzerland | Expert Guide 2025,Find the best legal protection insurance in Switzerland. Independent FINMA-certified advice for expats — compare providers and coverage.,Legal Protection Insurance in Switzerland — Expert Guide,title too long
https://expat-savvy.ch/healthcare-system/,Swiss Healthcare System | Expert Guide 2025,Understand the Swiss healthcare system. Independent FINMA-certified advice for expats — learn about insurance requirements and access.,Swiss Healthcare System — Expert Guide,✓ optimized
https://expat-savvy.ch/living-in-switzerland/,Living in Switzerland | Expert Guide 2025,"Complete guide to living in Switzerland for expats. Independent FINMA-certified advice — housing, healthcare, insurance, and daily life.",Living in Switzerland — Expert Guide,✓ optimized
https://expat-savvy.ch/life-insurance/,Life Insurance Switzerland | Expert Guide 2025,Find the best life insurance in Switzerland for expats. Independent FINMA-certified advice — compare options and understand benefits.,Life Insurance in Switzerland — Expert Guide,✓ optimized
https://expat-savvy.ch/3rd-pillar/,3rd Pillar Switzerland | Expert Guide 2025,Learn about 3rd pillar (Pillar 3a) in Switzerland for expats. Independent FINMA-certified advice — maximize tax benefits and savings.,3rd Pillar in Switzerland — Expert Guide,✓ optimized
https://expat-savvy.ch/pension-planning/,Pension Planning Switzerland | Expert Guide 2025,Complete guide to pension planning in Switzerland for expats. Independent FINMA-certified advice — optimize your retirement savings.,Pension Planning in Switzerland — Expert Guide,✓ optimized
https://expat-savvy.ch/about/,About Expat Savvy | Swiss Insurance Experts,"Learn about Expat Savvy, your trusted Swiss insurance experts. Independent FINMA-certified advisors helping expats navigate Swiss insurance.",About Expat Savvy — Swiss Insurance Experts,✓ optimized
https://expat-savvy.ch/careers/,Careers at Expat Savvy | Join Our Team,Join the Expat Savvy team and help expats navigate Swiss insurance. Independent FINMA-certified advisors — career opportunities in Switzerland.,Careers at Expat Savvy — Join Our Team,✓ optimized
https://expat-savvy.ch/free-consultation/,Free Insurance Consultation | Expat Savvy,Book your free Swiss insurance consultation with Expat Savvy. Independent FINMA-certified experts — get personalized advice for expats.,Free Insurance Consultation — Expat Savvy,✓ optimized
https://expat-savvy.ch/plan-healthcare/,Plan Healthcare Switzerland | Expat Savvy,Plan your healthcare in Switzerland with Expat Savvy. Independent FINMA-certified experts — get personalized advice for expats.,Plan Healthcare in Switzerland — Expat Savvy,✓ optimized
https://expat-savvy.ch/ai-chat/,AI Insurance Assistant | Expat Savvy,Get instant help with Swiss insurance questions from our AI assistant. Independent FINMA-certified experts — 24/7 support for expats.,AI Insurance Assistant — Expat Savvy,✓ optimized
https://expat-savvy.ch/imprint/,Imprint | Expat Savvy,"Legal information and company details for Expat Savvy, your trusted Swiss insurance advisor.",Imprint — Expat Savvy,✓ optimized
https://expat-savvy.ch/blog/,Blog & Articles | Expat Savvy,"Read our latest articles about Swiss insurance, expat life, and healthcare. Independent FINMA-certified advice from Expat Savvy.",Blog & Articles — Expat Savvy,✓ optimized
https://expat-savvy.ch/news/,News & Updates | Expat Savvy,Latest news and updates about Swiss insurance and expat life. Independent FINMA-certified advice from Expat Savvy.,News & Updates — Expat Savvy,✓ optimized
https://expat-savvy.ch/news/guides/,Expert Guides | Expat Savvy,"Expert guides for insurance, healthcare, and living in Switzerland. Independent FINMA-certified advice from Expat Savvy.",Expert Guides — Expat Savvy,✓ optimized
https://expat-savvy.ch/news/regional-guides/,Regional Guides | Expat Savvy,"Regional guides for Swiss insurance by city. Independent FINMA-certified advice from Expat Savvy — Zurich, Geneva, Basel, and more.",Regional Guides — Expat Savvy,✓ optimized
https://expat-savvy.ch/insurance-guides/,Insurance Guides Switzerland | Expat Savvy,"Complete insurance guides for expats in Switzerland. Independent FINMA-certified advice — health, household, and liability insurance.",Insurance Guides Switzerland — Expat Savvy,✓ optimized
https://expat-savvy.ch/guides/how-to/,How-To Guides Switzerland | Expat Savvy,Step-by-step how-to guides for Swiss insurance and expat life. Independent FINMA-certified advice from Expat Savvy.,How-To Guides Switzerland — Expat Savvy,✓ optimized
https://expat-savvy.ch/healthcare/all-insurances/,Health Insurance Providers Switzerland | Expat Savvy,Compare Swiss health insurance providers. Independent FINMA-certified advice — find detailed information about coverage and premiums.,Health Insurance Providers Switzerland — Expat Savvy,✓ optimized
https://expat-savvy.ch/compare-providers/,Compare Health Insurance Providers | Expat Savvy,Compare Swiss health insurance providers side-by-side. Independent FINMA-certified advice — find the best coverage for expats.,Compare Health Insurance Providers — Expat Savvy,✓ optimized
https://expat-savvy.ch/insurance-providers/,Insurance Providers Switzerland | Expat Savvy,Directory of Swiss insurance providers. Independent FINMA-certified advice — find detailed information about coverage and premiums.,Insurance Providers Switzerland — Expat Savvy,✓ optimized
https://expat-savvy.ch/insurance-change-2025-2026/,Insurance Change 2025/2026 | Expat Savvy,"Complete guide to Swiss insurance changes for 2025/2026. Independent FINMA-certified advice — deadlines, switching, and savings.",Insurance Change 2025/2026 — Expat Savvy,✓ optimized
https://expat-savvy.ch/private-health-insurance-switzerland/,Private Health Insurance Switzerland | Expat Savvy,Learn about private health insurance in Switzerland. Independent FINMA-certified advice — semi-private and private hospital coverage.,Private Health Insurance Switzerland — Expat Savvy,✓ optimized
